outcome,spec_order,spec,spec_label,sample,key_table,corp_union_coef,corp_union_se,corp_union_p,corp_only_coef,corp_only_se,corp_only_p,added_terms,added_1_term,added_1_coef,added_1_se,added_1_p,added_2_term,added_2_coef,added_2_se,added_2_p,nobs,clusters,formula,attenuation_vs_matched_sample_pct,attenuation_vs_a_pct,attenuation_vs_restricted_baseline_pct
atr_top1,0,a_baseline,(a) Baseline,full,True,-0.6726970893786492,0.2857553134010692,0.022893726463027723,0.19868114305808454,0.3174059069975184,0.5344395873017395,,,,,,,,,,846,47,atr_top1 ~ cu_x_corp_only + cu_x_corp_union + C(state) + C(year),,0.0,1.320324457655225e-12
atr_top1,1,b_acquirer,(b) + CU x R-trifecta acquirer,full,True,-0.5645371652584247,0.3028906295965858,0.06873526122464722,0.16893716392501507,0.30938073379254927,0.5876706575007472,CU x R-trifecta acquirer,CU x R-trifecta acquirer,-0.281215802712591,0.24609798629442736,0.259076554710241,,,,,846,47,atr_top1 ~ cu_x_corp_only + cu_x_corp_union + cu_x_rep_trifecta_acq + C(state) + C(year),,16.078547956871457,16.078547956872566
atr_top1,2,c_contemporaneous,(c) + R trifecta (t),full,True,-0.6401269433600936,0.29212357228117175,0.033533235350808106,0.21024590505016694,0.31286823579983497,0.5049481577829658,R trifecta (t),R trifecta (t),-0.147273703736032,0.12476295645743356,0.24389808219829473,,,,,846,47,atr_top1 ~ cu_x_corp_only + cu_x_corp_union + rep_trifecta + C(state) + C(year),,4.841725426319263,4.84172542632052
atr_top1,3,c_lagged,(c-lag) + R trifecta (t-1),full,True,-0.6023402133045157,0.27914764208503856,0.036200809574616806,0.21394595181356432,0.3052456959509834,0.48689749690667333,R trifecta (t-1),R trifecta (t-1),-0.2054354909694986,0.12426565840434377,0.105100824154082,,,,,799,47,atr_top1 ~ cu_x_corp_only + cu_x_corp_union + rep_trifecta_lag + C(state) + C(year),6.767299029489427,10.458923813557771,10.458923813558952
atr_top1,4,d_redmap,(d) + CU x REDMAP,full,True,-0.7364077298696616,0.3362791721956738,0.03364251924515181,0.19868114305807652,0.3176095681715037,0.5347005798299274,CU x REDMAP,CU x REDMAP,0.1380397210638563,0.5088892803604239,0.787407077707626,,,,,846,47,atr_top1 ~ cu_x_corp_only + cu_x_corp_union + cu_x_redmap + C(state) + C(year),,-9.470925546869847,-9.470925546868402
atr_top1,5,e_acquirer_redmap,(e) + acquirer and REDMAP,full,True,-0.6726775594461212,0.36944034070988246,0.07514538699451241,0.16460320470660167,0.30865293590414683,0.5963965181561822,CU x R-trifecta acquirer; CU x REDMAP,CU x R-trifecta acquirer,-0.32219141714118715,0.21935624101183657,0.1486917434838376,CU x REDMAP,0.26845053276385134,0.5029328368287445,0.5960706537494446,846,47,atr_top1 ~ cu_x_corp_only + cu_x_corp_union + cu_x_rep_trifecta_acq + cu_x_redmap + C(state) + C(year),,0.002903228338049169,0.002903228339369455
atr_top1,10,f_both_no_bans,(f) Acquirer + REDMAP; no ban terms,full,True,,,,,,,CU x R-trifecta acquirer; CU x REDMAP,CU x R-trifecta acquirer,-0.4444328766110164,0.1990494154966851,0.030471692027476703,CU x REDMAP,-0.2494444441865429,0.38633518045061693,0.5217020316450375,846,47,atr_top1 ~ cu_x_rep_trifecta_acq + cu_x_redmap + C(state) + C(year),,,
atr_top1,12,g_restricted_contemporaneous,(g) Restricted + R trifecta (t),restricted,True,-0.6494450024633013,0.29343514495284156,0.03295930585785644,,,,R trifecta (t),R trifecta (t),-0.10513987126947655,0.1394635780021584,0.4555629505593787,,,,,702,39,atr_top1 ~ cu_x_corp_union + rep_trifecta + C(state) + C(year),,3.456546383577376,3.4565463835786505
atr_top1,13,g_restricted_lagged,(g-lag) Restricted + R trifecta (t-1),restricted,True,-0.6156639641504955,0.2792896574489827,0.03362517061471669,,,,R trifecta (t-1),R trifecta (t-1),-0.1428299147052825,0.13755062819247868,0.30565530450219014,,,,,663,39,atr_top1 ~ cu_x_corp_union + rep_trifecta_lag + C(state) + C(year),4.704993955065258,8.478277389431486,8.478277389432694
rs,0,a_baseline,(a) Baseline,full,True,-0.08930124326246876,0.034824462393699775,0.013667896411208351,0.022979930354709903,0.046236414096309,0.6215496566985668,,,,,,,,,,846,47,rs ~ cu_x_corp_only + cu_x_corp_union + C(state) + C(year),,0.0,1.4607994315380334e-12
rs,1,b_acquirer,(b) + CU x R-trifecta acquirer,full,True,-0.07185613914511996,0.03646558479817069,0.05481464137765614,0.01818252672243791,0.04479853951937905,0.6867176253150257,CU x R-trifecta acquirer,CU x R-trifecta acquirer,-0.04535727070510772,0.030624457697994757,0.1454030298143264,,,,,846,47,rs ~ cu_x_corp_only + cu_x_corp_union + cu_x_rep_trifecta_acq + C(state) + C(year),,19.535118974855944,19.53511897485712
rs,2,c_contemporaneous,(c) + R trifecta (t),full,True,-0.08303440132997272,0.03574901902509676,0.024672824275412238,0.025205113359724984,0.04523110409979561,0.5800570114789879,R trifecta (t),R trifecta (t),-0.0283370243904122,0.014613476002521362,0.058637164372503665,,,,,846,47,rs ~ cu_x_corp_only + cu_x_corp_union + rep_trifecta + C(state) + C(year),,7.017642424167507,7.017642424168863
rs,3,c_lagged,(c-lag) + R trifecta (t-1),full,True,-0.07760871194910693,0.03424819394322363,0.028197096950903913,0.02702448084495344,0.04482650016175528,0.5495571117584057,R trifecta (t-1),R trifecta (t-1),-0.039396456295507226,0.01591782906427864,0.017070190355535437,,,,,799,47,rs ~ cu_x_corp_only + cu_x_corp_union + rep_trifecta_lag + C(state) + C(year),9.75005599165407,13.093357814734848,13.093357814736116
rs,4,d_redmap,(d) + CU x REDMAP,full,True,-0.08471489727292592,0.03830288583884245,0.031993786819767854,0.022979930354708814,0.04626608135255133,0.621772672348651,CU x REDMAP,CU x REDMAP,-0.00993708297734329,0.06131753149469321,0.8719688390111748,,,,,846,47,rs ~ cu_x_corp_only + cu_x_corp_union + cu_x_redmap + C(state) + C(year),,5.1358142641563616,5.135814264157747
rs,5,e_acquirer_redmap,(e) + acquirer and REDMAP,full,True,-0.07547211399697926,0.04400242039420495,0.0930420215241949,0.018037608741876515,0.04476463121894926,0.6888566219262267,CU x R-trifecta acquirer; CU x REDMAP,CU x R-trifecta acquirer,-0.046727404339502426,0.028086527597150055,0.10297255053069025,CU x REDMAP,0.008976390207692177,0.061383601645327,0.8843753796215693,846,47,rs ~ cu_x_corp_only + cu_x_corp_union + cu_x_rep_trifecta_acq + cu_x_redmap + C(state) + C(year),,15.485931393859511,15.485931393860746
rs,10,f_both_no_bans,(f) Acquirer + REDMAP; no ban terms,full,True,,,,,,,CU x R-trifecta acquirer; CU x REDMAP,CU x R-trifecta acquirer,-0.06039371557274052,0.024891906927528056,0.01923483779108311,CU x REDMAP,-0.04907442827268972,0.04830296397096803,0.31495714274379727,846,47,rs ~ cu_x_rep_trifecta_acq + cu_x_redmap + C(state) + C(year),,,
rs,12,g_restricted_contemporaneous,(g) Restricted + R trifecta (t),restricted,True,-0.08495004416995804,0.03582812513315279,0.022911526288933358,,,,R trifecta (t),R trifecta (t),-0.019674987200928397,0.015682510887046912,0.21729269850795016,,,,,702,39,rs ~ cu_x_corp_union + rep_trifecta + C(state) + C(year),,4.872495537068776,4.872495537070166
rs,13,g_restricted_lagged,(g-lag) Restricted + R trifecta (t-1),restricted,True,-0.08003295426352053,0.03409982490964981,0.024236957904799603,,,,R trifecta (t-1),R trifecta (t-1),-0.02800543819163833,0.016665366888786688,0.1010721146787995,,,,,663,39,rs ~ cu_x_corp_union + rep_trifecta_lag + C(state) + C(year),6.930942935353776,10.378678571929218,10.378678571930527
atr_top5,0,a_baseline,(a) Baseline,full,True,-0.5796787010317539,0.25111325349458885,0.02552149438454324,0.1785900920352202,0.2354255603030731,0.4519708090987012,,,,,,,,,,846,47,atr_top5 ~ cu_x_corp_only + cu_x_corp_union + C(state) + C(year),,0.0,1.3789717930076474e-12
atr_top5,1,b_acquirer,(b) + CU x R-trifecta acquirer,full,True,-0.49607548891422687,0.26569400867300713,0.06826890070363688,0.15559920870289284,0.2293547058992327,0.5009032265273664,CU x R-trifecta acquirer,CU x R-trifecta acquirer,-0.21736835150557776,0.2151310640391017,0.3175893247295837,,,,,846,47,atr_top5 ~ cu_x_corp_only + cu_x_corp_union + cu_x_rep_trifecta_acq + C(state) + C(year),,14.422336368185343,14.422336368186524
atr_top5,2,c_contemporaneous,(c) + R trifecta (t),full,True,-0.5571779303873636,0.2566152956019535,0.03510634818015915,0.18657949610459226,0.23272976434368434,0.4268485447920097,R trifecta (t),R trifecta (t),-0.10174261508763313,0.10773233129068506,0.3498985720484348,,,,,846,47,atr_top5 ~ cu_x_corp_only + cu_x_corp_union + rep_trifecta + C(state) + C(year),,3.8815934765831095,3.881593476584435
atr_top5,3,c_lagged,(c-lag) + R trifecta (t-1),full,True,-0.5303539215176165,0.24609780518802232,0.03642620101516781,0.1853017525115539,0.22633481126247829,0.41717525912322523,R trifecta (t-1),R trifecta (t-1),-0.15366519074744012,0.10752717142252823,0.15973664944242058,,,,,799,47,atr_top5 ~ cu_x_corp_only + cu_x_corp_union + rep_trifecta_lag + C(state) + C(year),5.80813366584957,8.508985999717703,8.508985999718966
atr_top5,4,d_redmap,(d) + CU x REDMAP,full,True,-0.6281192712249531,0.2991056192760708,0.04124281053242013,0.17859009203521337,0.23557661938842858,0.4522590777255113,CU x REDMAP,CU x REDMAP,0.1049545687519276,0.45546516495360223,0.8187764571757603,,,,,846,47,atr_top5 ~ cu_x_corp_only + cu_x_corp_union + cu_x_redmap + C(state) + C(year),,-8.356451618281167,-8.356451618279673
atr_top5,5,e_acquirer_redmap,(e) + acquirer and REDMAP,full,True,-0.5789145860935849,0.3245686721796255,0.08107969789464681,0.15227925345802434,0.22873634782548763,0.5089012159162664,CU x R-trifecta acquirer; CU x REDMAP,CU x R-trifecta acquirer,-0.24875701927520621,0.1931394255268609,0.20419941046504556,CU x REDMAP,0.2056419336966458,0.4480149979034407,0.6483909267210659,846,47,atr_top5 ~ cu_x_corp_only + cu_x_corp_union + cu_x_rep_trifecta_acq + cu_x_redmap + C(state) + C(year),,0.13181697668190026,0.1318169766832774
atr_top5,10,f_both_no_bans,(f) Acquirer + REDMAP; no ban terms,full,True,,,,,,,CU x R-trifecta acquirer; CU x REDMAP,CU x R-trifecta acquirer,-0.3551629193657268,0.1768169759138048,0.050465594777006725,CU x REDMAP,-0.24142767693728853,0.3467372638996386,0.4897543392479732,846,47,atr_top5 ~ cu_x_rep_trifecta_acq + cu_x_redmap + C(state) + C(year),,,
atr_top5,12,g_restricted_contemporaneous,(g) Restricted + R trifecta (t),restricted,True,-0.5626928792610504,0.25804810664700173,0.0354756344149291,,,,R trifecta (t),R trifecta (t),-0.07680545496325397,0.12292574465136492,0.5358285733066208,,,,,702,39,atr_top5 ~ cu_x_corp_union + rep_trifecta + C(state) + C(year),,2.930213192320319,2.9302131923216574
atr_top5,13,g_restricted_lagged,(g-lag) Restricted + R trifecta (t-1),restricted,True,-0.539413738557765,0.24666262302991787,0.03497958547574255,,,,R trifecta (t-1),R trifecta (t-1),-0.11109496610098363,0.1210968860709138,0.3647163246473877,,,,,663,39,atr_top5 ~ cu_x_corp_union + rep_trifecta_lag + C(state) + C(year),4.199092908284313,6.946082787296212,6.946082787297494
beta,0,a_baseline,(a) Baseline,full,True,-0.678664794609251,0.21906312842751272,0.00331694381980137,0.3574577792466991,0.39638600277516306,0.3718650052225194,,,,,,,,,,846,47,beta ~ cu_x_corp_only + cu_x_corp_union + C(state) + C(year),,0.0,1.2432787223049022e-12
beta,1,b_acquirer,(b) + CU x R-trifecta acquirer,full,True,-0.5330302970439241,0.23210736176644747,0.026252431158594297,0.3174082924162267,0.3823351646490374,0.4107231026027099,CU x R-trifecta acquirer,CU x R-trifecta acquirer,-0.37864969366985807,0.22287108604324238,0.09608079984798805,,,,,846,47,beta ~ cu_x_corp_only + cu_x_corp_union + cu_x_rep_trifecta_acq + C(state) + C(year),,21.45897337273515,21.45897337273613
beta,2,c_contemporaneous,(c) + R trifecta (t),full,True,-0.6216855816640838,0.22043841708151238,0.007058486394221316,0.3776895287706956,0.38924490974427906,0.33696491025474035,R trifecta (t),R trifecta (t),-0.25764513679549983,0.11016682045557562,0.023752579664070093,,,,,846,47,beta ~ cu_x_corp_only + cu_x_corp_union + rep_trifecta + C(state) + C(year),,8.39578145172148,8.395781451722618
beta,3,c_lagged,(c-lag) + R trifecta (t-1),full,True,-0.5779360917806452,0.21441012365020642,0.00978399311544421,0.3753305669143685,0.384822105154288,0.3344954198554119,R trifecta (t-1),R trifecta (t-1),-0.3464142577473204,0.12042037223704888,0.006072417622341573,,,,,799,47,beta ~ cu_x_corp_only + cu_x_corp_union + rep_trifecta_lag + C(state) + C(year),11.313268086547316,14.842187723410863,14.842187723411921
beta,4,d_redmap,(d) + CU x REDMAP,full,True,-0.677568859896517,0.24062225373547524,0.007139723642553304,0.35745777924669186,0.39664034094876593,0.3721690669121103,CU x REDMAP,CU x REDMAP,-0.0023745252109276804,0.3389292300724011,0.994440393153283,,,,,846,47,beta ~ cu_x_corp_only + cu_x_corp_union + cu_x_redmap + C(state) + C(year),,0.1614839492838206,0.16148394928506185
beta,5,e_acquirer_redmap,(e) + acquirer and REDMAP,full,True,-0.5978155007917939,0.2654817918766143,0.029151820545340646,0.31481188583652925,0.3818318662625659,0.41392299996728704,CU x R-trifecta acquirer; CU x REDMAP,CU x R-trifecta acquirer,-0.4031975376960525,0.22145648465692463,0.07516688356969893,CU x REDMAP,0.16082447814222667,0.34850401317283103,0.6466356011362866,846,47,beta ~ cu_x_corp_only + cu_x_corp_union + cu_x_rep_trifecta_acq + cu_x_redmap + C(state) + C(year),,11.91299363981404,11.912993639815136
beta,10,f_both_no_bans,(f) Acquirer + REDMAP; no ban terms,full,True,,,,,,,CU x R-trifecta acquirer; CU x REDMAP,CU x R-trifecta acquirer,-0.5309318285132554,0.2230412188311168,0.021492028309553473,CU x REDMAP,-0.3210611336999776,0.29063225193498293,0.2750350099568233,846,47,beta ~ cu_x_rep_trifecta_acq + cu_x_redmap + C(state) + C(year),,,
beta,12,g_restricted_contemporaneous,(g) Restricted + R trifecta (t),restricted,True,-0.6303301659813163,0.22183967673735744,0.007183245372088728,,,,R trifecta (t),R trifecta (t),-0.2185565816220389,0.1119813054000843,0.05836991875270917,,,,,702,39,beta ~ cu_x_corp_union + rep_trifecta + C(state) + C(year),,7.122017969970567,7.122017969971721
beta,13,g_restricted_lagged,(g-lag) Restricted + R trifecta (t-1),restricted,True,-0.5866323072476844,0.21517811146062488,0.009635918207282136,,,,R trifecta (t-1),R trifecta (t-1),-0.3055525224202752,0.1301233365485152,0.024171590841235283,,,,,663,39,beta ~ cu_x_corp_union + rep_trifecta_lag + C(state) + C(year),9.9787971290233,13.560816487402343,13.560816487403416
