outcome,year,group,b,se
atr_top1,2004,corp_union,0.46490723911338705,0.2562661386063987
atr_top1,2004,corp_only,0.13017560641789583,0.204293065226994
atr_top1,2005,corp_union,0.4755217464792554,0.23410463807658646
atr_top1,2005,corp_only,0.0812857834244679,0.14796593148210388
atr_top1,2006,corp_union,0.45310796517133234,0.21091236421683054
atr_top1,2006,corp_only,0.1541981004922277,0.15586766363169421
atr_top1,2007,corp_union,0.37404564667101814,0.17838261197856828
atr_top1,2007,corp_only,0.17277710110454603,0.1474415413718058
atr_top1,2008,corp_union,0.22278115121166275,0.14135794744140434
atr_top1,2008,corp_only,0.12443148100722712,0.1328392707614138
atr_top1,2009,corp_union,0.0,0.0
atr_top1,2009,corp_only,0.0,0.0
atr_top1,2010,corp_union,-0.030609782030628363,0.06702379822455871
atr_top1,2010,corp_only,0.016281760960839886,0.05841552223927752
atr_top1,2011,corp_union,-0.20277398236371727,0.1338632266168107
atr_top1,2011,corp_only,0.10682750586460932,0.18457466287493335
atr_top1,2012,corp_union,-0.2443827953708152,0.1568956822949054
atr_top1,2012,corp_only,0.09756996548062213,0.2010721353748322
atr_top1,2013,corp_union,-0.2030601794544945,0.2171709386814032
atr_top1,2013,corp_only,0.45050800992615614,0.3717340832157156
atr_top1,2014,corp_union,-0.32805638070395726,0.2633917662798551
atr_top1,2014,corp_only,0.4506791630411293,0.3716605008759864
atr_top1,2015,corp_union,-0.40975201868038635,0.29680129887935897
atr_top1,2015,corp_only,0.521424602812921,0.3786198421616249
atr_top1,2016,corp_union,-0.3015185326366401,0.297852633677031
atr_top1,2016,corp_only,0.6219679012113926,0.38353003929029905
atr_top1,2017,corp_union,-0.40923692089659347,0.28535797762601284
atr_top1,2017,corp_only,0.5152514157333197,0.37195657985537117
atr_top1,2018,corp_union,-0.49075539504283894,0.28835979616315033
atr_top1,2018,corp_only,0.2404324924314878,0.34645263684529076
atr_top1,2019,corp_union,-0.4475658398559865,0.3136087995530075
atr_top1,2019,corp_only,0.2679917437681576,0.3624619284302177
atr_top1,2020,corp_union,-0.5025062941419485,0.30239798771915166
atr_top1,2020,corp_only,0.19773073610960168,0.355562295753172
atr_top1,2021,corp_union,-0.5214194540724773,0.3328981459010664
atr_top1,2021,corp_only,0.2232445642493977,0.3707530226768661
rs,2004,corp_union,0.05298286614986371,0.033291012790161965
rs,2004,corp_only,0.031436820948989,0.025614129844164744
rs,2005,corp_union,0.05778566935516163,0.03129457398404884
rs,2005,corp_only,0.027987259076313165,0.020228692504533193
rs,2006,corp_union,0.051509182282249516,0.028510980151367903
rs,2006,corp_only,0.02951175382197696,0.01981374607672532
rs,2007,corp_union,0.03442136403885441,0.024398301074373713
rs,2007,corp_only,0.025353154335872985,0.015920890566528793
rs,2008,corp_union,0.02195339663587645,0.01819628983954084
rs,2008,corp_only,0.018151100522958985,0.013819546755963539
rs,2009,corp_union,0.0,0.0
rs,2009,corp_only,0.0,0.0
rs,2010,corp_union,-1.6099180312950656e-05,0.009700619548046324
rs,2010,corp_only,-0.0011874051623658732,0.008440399593247539
rs,2011,corp_union,-0.022675986893992545,0.016388595673893926
rs,2011,corp_only,0.0359763617162025,0.04296575807059022
rs,2012,corp_union,-0.0361719920467706,0.02050504618168545
rs,2012,corp_only,0.03187802185840716,0.044767331766725815
rs,2013,corp_union,-0.030089317928091094,0.02725037132015323
rs,2013,corp_only,0.0757898142054763,0.04839612926693762
rs,2014,corp_union,-0.04623236773572825,0.03584900374995413
rs,2014,corp_only,0.08122084723263118,0.05088560969109417
rs,2015,corp_union,-0.06631313577563579,0.03910554497496654
rs,2015,corp_only,0.07832188735890888,0.05359125424169114
rs,2016,corp_union,-0.057417654589911105,0.037435684846939536
rs,2016,corp_only,0.0894561111654062,0.0523124333140936
rs,2017,corp_union,-0.06242138338258477,0.035661012907100914
rs,2017,corp_only,0.06856417550426587,0.046645016842461605
rs,2018,corp_union,-0.08278674754914919,0.0368817539658561
rs,2018,corp_only,0.01474140224910786,0.05278928186786822
rs,2019,corp_union,-0.07204040618724264,0.03814121335485474
rs,2019,corp_only,0.02736103842199561,0.05632062337230273
rs,2020,corp_union,-0.07561932515893482,0.03728943286756817
rs,2020,corp_only,0.01842035389182936,0.058594812652668686
rs,2021,corp_union,-0.08252554579726086,0.04180169745902042
rs,2021,corp_only,0.020096733226863187,0.06568309492898179
atr_top5,2004,corp_union,0.306786768603705,0.20391482850844658
atr_top5,2004,corp_only,0.04594199969043089,0.1522825042871815
atr_top5,2005,corp_union,0.31661231401654183,0.1778083926148039
atr_top5,2005,corp_only,0.014407170036760758,0.10119200191185021
atr_top5,2006,corp_union,0.3134816871590771,0.1608509120689854
atr_top5,2006,corp_only,0.08291745762410696,0.10227425716106375
atr_top5,2007,corp_union,0.25125370154359356,0.13233296965178507
atr_top5,2007,corp_only,0.10115695683844539,0.09355879116122306
atr_top5,2008,corp_union,0.15393589580158895,0.09855261007753849
atr_top5,2008,corp_only,0.08401718436049355,0.08007350391399254
atr_top5,2009,corp_union,0.0,0.0
atr_top5,2009,corp_only,0.0,0.0
atr_top5,2010,corp_union,-0.037299662833129354,0.04948387423239528
atr_top5,2010,corp_only,0.0019193240395960487,0.04059780133612353
atr_top5,2011,corp_union,-0.22485324636361398,0.12044580384746569
atr_top5,2011,corp_only,0.07098377961234359,0.15808548605645636
atr_top5,2012,corp_union,-0.2625920949997299,0.13583028660167148
atr_top5,2012,corp_only,0.0819047330986884,0.16674325448607025
atr_top5,2013,corp_union,-0.2396929429214567,0.18844573601785103
atr_top5,2013,corp_only,0.3412308391475391,0.274031270836104
atr_top5,2014,corp_union,-0.3411628590565141,0.23229930927498244
atr_top5,2014,corp_only,0.33791868191735874,0.2724088577950645
atr_top5,2015,corp_union,-0.4045924677839264,0.2605136876059064
atr_top5,2015,corp_only,0.39714566577147403,0.27358565423989245
atr_top5,2016,corp_union,-0.3380433787912399,0.26100414946116546
atr_top5,2016,corp_only,0.46331505193489697,0.2778813210968335
atr_top5,2017,corp_union,-0.43875790548270094,0.2528671712264754
atr_top5,2017,corp_only,0.3757628316712923,0.26751993216148684
atr_top5,2018,corp_union,-0.48612951629237877,0.2589781519025396
atr_top5,2018,corp_only,0.19941925962874607,0.2710894798551009
atr_top5,2019,corp_union,-0.44731476629638933,0.2825635464234199
atr_top5,2019,corp_only,0.21222931755653285,0.28067818372760733
atr_top5,2020,corp_union,-0.500770936332777,0.27413130919144585
atr_top5,2020,corp_only,0.14791339360542177,0.2750413916274074
atr_top5,2021,corp_union,-0.5507939009781844,0.2982522256788815
atr_top5,2021,corp_only,0.17021976353911547,0.28951043067742754
atr,2004,corp_union,0.14329458597607336,0.1471411027620582
atr,2004,corp_only,-0.05275259344993244,0.10149475697072662
atr,2005,corp_union,0.13756365888714298,0.12500433001212746
atr,2005,corp_only,-0.07018759719056201,0.07305905285713482
atr,2006,corp_union,0.15096547707200014,0.11122947412048392
atr,2006,corp_only,-0.017335576128705732,0.056004172138011406
atr,2007,corp_union,0.11159023994377953,0.08039478044542607
atr,2007,corp_only,0.002957352105429578,0.048854157965191415
atr,2008,corp_union,0.07511144714944984,0.04896788503149447
atr,2008,corp_only,0.021221176975755984,0.036667344728007666
atr,2009,corp_union,0.0,0.0
atr,2009,corp_only,0.0,0.0
atr,2010,corp_union,-0.03107694158294183,0.023659249718829312
atr,2010,corp_only,-0.0017640142276511561,0.016065372144094144
atr,2011,corp_union,-0.18617987484588575,0.09033652822655469
atr,2011,corp_only,-0.008980811678698686,0.08374978897740125
atr,2012,corp_union,-0.20884655713778566,0.09934198121935427
atr,2012,corp_only,0.012526964069200286,0.08676761277273355
atr,2013,corp_union,-0.19813737853411872,0.12825347357282854
atr,2013,corp_only,0.13803375662902356,0.13655890849286667
atr,2014,corp_union,-0.25176632949024225,0.15051933800633516
atr,2014,corp_only,0.127384694839761,0.1342026631021708
atr,2015,corp_union,-0.24908126072387765,0.16179200603779711
atr,2015,corp_only,0.19568962961623448,0.12418627185332767
atr,2016,corp_union,-0.21881794816048616,0.16793923379810385
atr,2016,corp_only,0.23242881136119098,0.13317630393892874
atr,2017,corp_union,-0.3050523963560087,0.17073832583763565
atr,2017,corp_only,0.18601896906565663,0.13007218686950803
atr,2018,corp_union,-0.2941614620369887,0.1790944949675623
atr,2018,corp_only,0.1754726068836514,0.14000204403141947
atr,2019,corp_union,-0.28739112535613554,0.19798507053047235
atr,2019,corp_only,0.15756240930419363,0.14821773610183303
atr,2020,corp_union,-0.3406173147655942,0.19307729392389392
atr,2020,corp_only,0.11545882549597852,0.13489810107235065
atr,2021,corp_union,-0.4156081601517828,0.20901733687084248
atr,2021,corp_only,0.12651092026122282,0.14059169473465075
